Model,Supervision,Loss,Test Accuracy,Inference Accuracy,Folder
gpt2,pythia,5e,0.59,0.0,bs=32-dn=sciq-e=2-ee=1000000-lp=0-l=logconf-l=5e-05-ls=cosi_anne-mc=1024-ms=gpt2-medium-nd=1000-ntd=200-o=adam-s=0-twd=0-wms=pythia-70m
gpt2,ground_truth,5e,0.535,0.512,bs=32-dn=sciq-e=2-ee=1000000-lp=0-l=logconf-l=5e-05-ls=cosi_anne-mc=1024-ms=gpt2-nd=1000-ntd=200-o=adam-s=0-twd=0
gpt2,ground_truth,5e,0.55,0.52,bs=32-dn=sciq-e=2-ee=1000000-lp=0-l=product-l=5e-05-ls=cosi_anne-mc=1024-ms=gpt2-nd=1000-ntd=200-o=adam-s=0-twd=0
pythia,ground_truth,0.0001,0.59,0.49,bs=32-dn=sciq-e=2-ee=1000000-lp=0-l=xent-l=0.0001-ls=cosi_anne-mc=1024-ms=pythia-70m-nd=1000-ntd=200-o=adam-s=0-twd=0
pythia,pythia,0.0001,0.59,0.0,bs=32-dn=sciq-e=2-ee=1000000-lp=0-l=xent-l=0.0001-ls=cosi_anne-mc=1024-ms=pythia-70m-nd=1000-ntd=200-o=adam-s=0-twd=0-wms=pythia-70m
pythia,ground_truth,0.0001,0.528,0.4936,bs=32-dn=sciq-e=2-ee=1000000-lp=0-l=xent-l=0.0001-ls=cosi_anne-mc=1024-ms=pythia-70m-nd=5000-ntd=500-o=adam-s=0-twd=0
pythia,pythia,0.0001,0.528,0.0,bs=32-dn=sciq-e=2-ee=1000000-lp=0-l=xent-l=0.0001-ls=cosi_anne-mc=1024-ms=pythia-70m-nd=5000-ntd=500-o=adam-s=0-twd=0-wms=pythia-70m
gpt2,ground_truth,5e,0.585,0.55,bs=32-dn=sciq-e=2-ee=1000000-lp=0-l=xent-l=5e-05-ls=cosi_anne-mc=1024-ms=gpt2-medium-nd=1000-ntd=200-o=adam-s=0-twd=0
gpt2,gpt2,5e,0.535,0.0,bs=32-dn=sciq-e=2-ee=1000000-lp=0-l=xent-l=5e-05-ls=cosi_anne-mc=1024-ms=gpt2-medium-nd=1000-ntd=200-o=adam-s=0-twd=0-wms=gpt2
gpt2,gpt2,5e,0.55,0.0,bs=32-dn=sciq-e=2-ee=1000000-lp=0-l=xent-l=5e-05-ls=cosi_anne-mc=1024-ms=gpt2-medium-nd=1000-ntd=200-o=adam-s=0-twd=0-wms=gpt2-medium
gpt2,pythia,5e,0.59,0.0,bs=32-dn=sciq-e=2-ee=1000000-lp=0-l=xent-l=5e-05-ls=cosi_anne-mc=1024-ms=gpt2-medium-nd=1000-ntd=200-o=adam-s=0-twd=0-wms=pythia-70m
gpt2,ground_truth,5e,0.63,0.6368,bs=32-dn=sciq-e=2-ee=1000000-lp=0-l=xent-l=5e-05-ls=cosi_anne-mc=1024-ms=gpt2-medium-nd=5000-ntd=500-o=adam-s=0-twd=0
gpt2,gpt2,5e,0.612,0.0,bs=32-dn=sciq-e=2-ee=1000000-lp=0-l=xent-l=5e-05-ls=cosi_anne-mc=1024-ms=gpt2-medium-nd=5000-ntd=500-o=adam-s=0-twd=0-wms=gpt2
gpt2,gpt2,5e,0.62,0.0,bs=32-dn=sciq-e=2-ee=1000000-lp=0-l=xent-l=5e-05-ls=cosi_anne-mc=1024-ms=gpt2-medium-nd=5000-ntd=500-o=adam-s=0-twd=0-wms=gpt2-medium
gpt2,pythia,5e,0.528,0.0,bs=32-dn=sciq-e=2-ee=1000000-lp=0-l=xent-l=5e-05-ls=cosi_anne-mc=1024-ms=gpt2-medium-nd=5000-ntd=500-o=adam-s=0-twd=0-wms=pythia-70m
gpt2,ground_truth,5e,0.55,0.52,bs=32-dn=sciq-e=2-ee=1000000-lp=0-l=xent-l=5e-05-ls=cosi_anne-mc=1024-ms=gpt2-nd=1000-ntd=200-o=adam-s=0-twd=0
gpt2,gpt2,5e,0.55,0.0,bs=32-dn=sciq-e=2-ee=1000000-lp=0-l=xent-l=5e-05-ls=cosi_anne-mc=1024-ms=gpt2-nd=1000-ntd=200-o=adam-s=0-twd=0-wms=gpt2
gpt2,pythia,5e,0.59,0.0,bs=32-dn=sciq-e=2-ee=1000000-lp=0-l=xent-l=5e-05-ls=cosi_anne-mc=1024-ms=gpt2-nd=1000-ntd=200-o=adam-s=0-twd=0-wms=pythia-70m
gpt2,ground_truth,5e,0.65,0.632,bs=32-dn=sciq-e=2-ee=1000000-lp=0-l=xent-l=5e-05-ls=cosi_anne-mc=1024-ms=gpt2-nd=5000-ntd=500-o=adam-s=0-twd=0
gpt2,gpt2,5e,0.6,0.0,bs=32-dn=sciq-e=2-ee=1000000-lp=0-l=xent-l=5e-05-ls=cosi_anne-mc=1024-ms=gpt2-nd=5000-ntd=500-o=adam-s=0-twd=0-wms=gpt2
gpt2,pythia,5e,0.528,0.0,bs=32-dn=sciq-e=2-ee=1000000-lp=0-l=xent-l=5e-05-ls=cosi_anne-mc=1024-ms=gpt2-nd=5000-ntd=500-o=adam-s=0-twd=0-wms=pythia-70m
